Rank,City,Safety Index,Health Care Index,Cost of Living Index,Property Price to Income Ratio,Traffic Commute Time Index,Pollution Index,Climate Index,Year
24,Abu Dhabi,88.8,72.1,55.9,5,28,45.4,43.9,2023
54,Abu Dhabi,87.1,68.4,59.3,6.4,39.6,49.4,43.9,2024
26,Abu Dhabi,88.4,72.4,52.6,6.4,30,45.3,43.9,2025
90,Abu Dhabi,88.9,72.5,54.1,6.8,30,45.2,43.9,2026
141,Ad Dammam,71.8,60.2,41.3,2.4,28.4,56.1,27.3,2026
9,Adelaide,68.9,78.3,81.1,6.6,28,21.5,95,2023
63,Adelaide,66.7,68,81.7,11.3,45.7,28.8,95,2024
17,Adelaide,67.2,74.1,61.5,7.5,35.3,24.1,95,2025
36,Adelaide,66.8,72.6,68.2,9.6,37.9,25,95,2026
191,Ahmedabad,67.9,66.4,24.1,9,39.8,72.5,49.3,2023
150,Ahmedabad,67.6,64.9,24.2,10,38.9,72.7,49.3,2024
202,Ahmedabad,68.3,67.7,21.1,9.4,38.6,72.4,49.3,2025
235,Ahmedabad,68.5,67.5,21.2,7.9,39.9,71.9,49.3,2026
37,Albuquerque,28.5,62.8,68.1,3.8,27.6,33.2,67.1,2023
74,Albuquerque,28.3,62.6,69.8,3.7,40.2,39,67.1,2024
99,Albuquerque,29.1,62.7,63.2,3.1,25.9,35.4,67.1,2026
247,Alexandria,54.6,45.3,17.9,21,44.9,73.5,95.5,2025
289,Alexandria,54.6,45.8,21.6,23.5,44.3,73.8,95.5,2026
223,Almaty,36.7,47.7,30.9,12.8,38.2,77.9,58.3,2023
179,Almaty,46.3,48.7,35.9,12.2,39.7,78.6,58.3,2024
234,Almaty,46.7,50,28,10.8,39.7,78.8,58.3,2025
272,Almaty,46.9,50.9,33,10.3,38.8,78.8,58.3,2026
186,Amman,61.2,65,48.7,8.3,42.1,75.9,89,2023
148,Amman,61.6,65.1,44.5,8,41.6,75.9,89,2024
203,Amman,62.4,65.2,39.6,7.7,40.3,76.9,89,2025
246,Amman,62.6,65.6,42.5,8.7,40.6,76.9,89,2026
14,Amsterdam,68,72.3,71.4,10.3,26.6,28.5,87.5,2023
10,Amsterdam,71.5,78,69.9,10.6,24.2,24.9,87.5,2024
12,Amsterdam,71.6,78.9,67.7,10.3,24.1,24.5,87.5,2025
8,Amsterdam,74.3,81.5,82.6,9.3,22.1,22.6,87.5,2026
88,Anchorage,37.7,61.2,88,2.8,26.8,15.7,41.6,2023
83,Anchorage,37.1,61.5,81.5,3.3,25.6,15.7,41.6,2026
159,Ankara,60.5,68.8,28.7,8.6,36.4,65.6,91.5,2023
129,Ankara,60.7,69.2,33.5,10.4,36.2,65.4,91.5,2024
180,Ankara,60.6,69.9,35.5,9,36.2,64.5,91.5,2025
205,Ankara,60.5,70,38.9,7.8,36.5,64.4,91.5,2026
155,Antalya,70.9,72.6,35.5,14.8,36.2,43.6,91.5,2025
154,Antalya,70.7,73.5,40.1,10.2,36.2,44.6,91.5,2026
102,Antwerp,60,81,69.1,6.1,37.8,58.4,85.4,2023
119,Antwerp,60.1,79.8,61.2,7.7,37,59,85.4,2025
136,Antwerp,60.1,79.8,71.6,6.1,38.8,58.2,85.4,2026
168,Astana (Nur-Sultan),66.1,67.3,29.4,7.7,32.3,51.8,21.3,2023
204,Astana (Nur-Sultan),67.5,67.2,26.9,8.5,33.3,55.5,21.3,2025
233,Astana (Nur-Sultan),66.8,67.3,29.7,7.1,35.4,55.1,21.3,2026
179,Athens,44.1,56.9,59.8,13.5,38.2,57.3,95.2,2023
151,Athens,43.9,56.7,55.9,14.9,38.2,57.2,95.2,2024
199,Athens,44.7,58.1,47.8,14.7,37.7,55.3,95.2,2025
231,Athens,44.8,58.5,57.9,14.3,37.2,55.2,95.2,2026
82,Atlanta,36.5,69.6,73.8,3.3,41.7,44.8,89.7,2023
51,Atlanta,36,67.8,80.3,5.7,44.4,45.6,89.7,2024
61,Atlanta,35.9,67,71.7,2.5,41.4,45,89.7,2025
93,Atlanta,35.8,65.9,75.3,3.1,41.3,45,89.7,2026
59,Auckland,51.8,71.7,78.1,10.7,36.9,28.7,99.9,2023
67,Auckland,50.4,67.9,73.2,13.4,44.7,34.2,99.9,2024
62,Auckland,49.9,69.2,59.1,10.7,37.4,31.2,99.9,2025
88,Auckland,49.5,69,62.5,10.4,37.5,31.1,99.9,2026
30,Austin,59.7,67.6,73.2,6,35,40.4,82.1,2023
29,Austin,59.3,68.3,73.3,5.5,37.6,42.3,82.1,2024
30,Austin,57.9,68.2,61.7,3.2,36.1,43.5,82.1,2025
57,Austin,55.7,64.9,66.4,5.1,40.5,43.4,82.1,2026
194,Baku,69.5,46.6,30.9,14.2,37.8,75.1,91.4,2023
159,Baku,69.6,47.7,33.5,14.4,36.8,74.4,91.4,2024
221,Baku,69.8,47.7,30.7,15.5,38,74.3,91.4,2025
262,Baku,69.9,48.2,32.3,16.2,38.3,74.1,91.4,2026
76,Baltimore,24.5,77.3,76.4,1,31.2,50.4,81.2,2023
108,Baltimore,26.9,76.4,65.8,2.5,31.5,52,81.2,2025
138,Baltimore,28,72.2,71.8,2.8,31.7,52,81.2,2026
165,Bangalore,45.4,66.1,25.7,6.1,52.7,82.8,89.4,2023
137,Bangalore,46.6,65.2,29.4,9.5,54.1,81.9,89.4,2024
177,Bangalore,45.8,65.2,23.2,7.4,53.6,82.7,89.4,2025
221,Bangalore,46,65.3,21.9,7.8,53.6,82.4,89.4,2026
227,Bangkok,59.5,77.1,49.8,31.5,45.6,77.1,58.4,2023
184,Bangkok,60.2,77,42.4,30.5,45.6,77.5,58.4,2024
243,Bangkok,60.7,77.2,37.1,28.6,45.4,78,58.4,2025
282,Bangkok,61.8,77.3,41.4,28.7,44.9,77.7,58.4,2026
182,Banja Luka,65.5,46.8,33.7,15.2,22.4,55.5,82.8,2025
217,Banja Luka,64.6,46.1,42.6,14.5,22.4,56.1,82.8,2026
128,Barcelona,50.2,77.6,58.7,10.7,29.7,65.7,95.7,2023
107,Barcelona,48.4,77,53.7,11.5,30.6,64.7,95.7,2024
152,Barcelona,48.3,76.3,50.6,12.5,30.3,63.6,95.7,2025
184,Barcelona,48.1,76.7,59.2,12.2,30,63,95.7,2026
5,Basel,72.9,71.6,98,8.5,27.6,24.9,82.8,2025
15,Basel,68.6,69.3,112.4,9.6,36.9,31.4,82.8,2026
225,Beijing,71.6,67.9,46.2,45.8,43.4,80.3,57.6,2023
166,Beijing,73,68.7,37.1,33.7,43.3,78.3,57.6,2024
224,Beijing,74.1,69.4,36.6,34.7,43.6,77.9,57.6,2025
264,Beijing,74.9,70.2,38,32.9,43.2,77.2,57.6,2026
240,Beirut,53.7,65.2,80.3,41.3,39.8,93.7,94.7,2023
195,Beirut,53.4,64.8,48,41,39.3,93.9,94.7,2024
246,Beirut,53.3,64.9,42.4,19.8,39.6,93.9,94.7,2025
290,Beirut,53.2,64.9,48,23.1,39.3,93.7,94.7,2026
64,Belfast,54.6,70.7,61.8,7.4,39.1,27.4,90.8,2023
48,Belfast,52.8,71.7,55.3,4.3,37.6,26.5,90.8,2025
80,Belfast,52,70.7,65.9,5.5,37.6,26.5,90.8,2026
198,Belgrade,62.1,53.5,42.4,19.6,36.2,66.6,84.1,2023
163,Belgrade,61.3,53.2,42.7,19.6,36,68,84.1,2024
216,Belgrade,62.1,53,39.6,18.2,36.4,68.8,84.1,2025
247,Belgrade,62.2,53.1,47.6,16.5,36.5,69.2,84.1,2026
202,Belo Horizonte,36.3,63.9,34.5,20.7,43.4,52,98.5,2023
161,Belo Horizonte,36.9,64.5,34.6,16.6,43.6,52,98.5,2024
208,Belo Horizonte,39.9,64.7,26.3,13.5,43.6,53,98.5,2025
248,Belo Horizonte,40.4,64.4,31.6,15.1,43.1,52.8,98.5,2026
18,Bergen,75.1,75.8,72.2,7.4,23.6,19.8,78.8,2025
16,Bergen,76.2,75.3,85.6,7.3,26.2,19.8,78.8,2026
90,Berlin,56.8,68,69.7,11.4,34.4,39,83.3,2023
55,Berlin,55.8,68,65.7,11.4,33.4,38.7,83.3,2024
91,Berlin,55.4,67.5,59.6,11.2,33.6,38.6,83.3,2025
117,Berlin,55.5,66.5,70,10.6,33.3,38.4,83.3,2026
6,Bern,78.4,74.3,95,10.5,30.1,16.9,76,2025
19,Bern,74.1,70.2,110,10.5,39.8,25.3,76,2026
101,Birmingham,37.4,72.3,58.2,9.4,33.2,48.2,87.7,2023
80,Birmingham,36.4,71.9,61.6,6.1,33.2,49.4,87.7,2024
111,Birmingham,36.1,72,56.8,7.1,33.3,49.1,87.7,2025
145,Birmingham,36.2,71.2,68.6,7.2,33.3,48.6,87.7,2026
218,Bogota,34,65,24.5,21.8,52.3,70.3,97.1,2023
181,Bogota,33.3,65.4,31.7,21.2,51.9,70.2,97.1,2024
245,Bogota,33.6,65.8,26.7,22.1,51.8,70,97.1,2025
275,Bogota,33.3,66,32.8,18,51.4,69.9,97.1,2026
13,Boise,65,71.4,60.6,4,25.9,30.6,65.1,2025
64,Boise,61.6,64.5,66.7,5.8,37.5,36.5,65.1,2026
132,Bologna,52.4,77.4,66.2,10.6,32.9,58.5,88.1,2023
160,Bologna,51.9,76,58.9,10.3,32.8,60.2,88.1,2025
194,Bologna,51.3,76.1,68.3,10.5,32.5,61.8,88.1,2026
69,Boston,60.6,74.5,84.6,8.1,45,30.9,71.7,2023
60,Boston,58.7,69.4,89.2,10,46.3,35,71.7,2024
78,Boston,60.3,72.7,83.7,7.2,44.3,30.3,71.7,2025
71,Boston,60.3,72,86.2,7.4,44.3,30,71.7,2026
170,Brampton,44.5,68.5,58.8,9.7,41.7,36.9,59.2,2026
142,Brasilia,40.1,51.4,37.7,13.5,30.1,32.5,99,2023
122,Brasilia,40.5,52.3,36.2,15.6,30.6,30.6,99,2024
193,Brasilia,41.1,51.8,27.7,21,30.8,30,99,2025
195,Brasilia,41.3,52.7,32,14.7,31,30.3,99,2026
125,Bratislava,69.4,56.8,50.4,17,31,39.5,80.7,2023
95,Bratislava,69.5,55.8,52,15.8,30.5,37.5,80.7,2024
133,Bratislava,69.7,55.4,45.3,15.4,30.3,36.8,80.7,2025
169,Bratislava,69.5,55.7,54.5,14.8,30.2,36.8,80.7,2026
23,Brisbane,64.5,75.9,82.5,10.1,40.8,26.5,98.1,2023
38,Brisbane,63.4,71.2,70.9,11.1,46.7,30.6,98.1,2024
14,Brisbane,63.1,74.5,57.5,8.1,40.3,28.5,98.1,2025
34,Brisbane,61.8,71.2,64.8,7.4,42.7,32.9,98.1,2026
86,Bristol,58.3,74.4,65.6,10.2,30.2,45,88.5,2023
95,Bristol,57.5,72.4,61.3,10.1,31.2,46.5,88.5,2025
129,Bristol,57,73.2,71.1,8.9,31.1,48.1,88.5,2026
96,Brno,73.9,74.3,48.5,16.4,26.1,42.8,78.2,2023
45,Brno,74,75.7,44.8,13.7,26.2,40.3,78.2,2024
94,Brno,74.8,76.3,42.1,14.5,26.2,40.8,78.2,2025
125,Brno,75.4,76.1,53.2,14.9,26.3,40.3,78.2,2026
121,Brussels,45.4,73.9,68.8,6.7,36.7,61.7,83.8,2023
101,Brussels,45.1,73.4,67.3,6.7,36.9,61.7,83.8,2024
140,Brussels,45.5,73.8,61.9,7.6,36.8,61.6,83.8,2025
160,Brussels,44.6,73.6,73.5,6,36.8,62.5,83.8,2026
174,Bucharest,71.8,54.8,43.2,10.8,41,75.6,75.6,2023
142,Bucharest,71.9,54.8,41.3,10,40.8,75.1,75.6,2024
191,Bucharest,71.9,55,38.2,9.7,41.1,75.3,75.6,2025
228,Bucharest,71.5,55.3,46.3,10.7,41,75.4,75.6,2026
163,Budapest,65.2,52.6,45.3,14.8,39,53.8,78.4,2023
134,Budapest,65.6,52.2,46.8,14.2,39,54.1,78.4,2024
172,Budapest,65.9,52.3,38.6,13.7,38.8,53,78.4,2025
206,Budapest,66.1,52.2,51.1,14.3,38.8,52.9,78.4,2026
207,Buenos Aires,36.7,69,31.6,27.7,49.2,52.3,98.3,2023
172,Buenos Aires,36.5,68.4,27.5,27.6,49.7,52,98.3,2024
225,Buenos Aires,36.7,68.2,40.1,20.3,49.7,51.9,98.3,2025
254,Buenos Aires,37,68,48.8,15,49.8,51.5,98.3,2026
72,Buffalo,51.4,70.3,71.5,3.3,26.8,29.1,66.4,2026
117,Bursa,70.9,79.4,35.9,11.8,33,44,93.4,2023
110,Bursa,68.3,74.7,32.6,13.5,40.7,51.9,93.4,2024
109,Bursa,71.3,78,31.4,7.1,33.8,45.3,93.4,2025
116,Bursa,71.3,77.7,40.2,6.4,33.8,46.4,93.4,2026
226,Cairo,50,45.5,24.1,11.9,50.2,91.5,88.5,2023
191,Cairo,49.4,46.1,29.6,17.7,50,90.9,88.5,2024
255,Cairo,49.4,45.7,19.6,17.4,49.9,91,88.5,2025
295,Cairo,50,46.2,23.2,18.1,49.6,90.6,88.5,2026
36,Calgary,63.3,75,71.3,4.3,29.9,23.6,33.1,2023
47,Calgary,61.8,72.5,72.3,4.7,32.8,26.1,33.1,2024
74,Calgary,61.6,73.6,61,4.9,29.1,23.5,33.1,2025
95,Calgary,62.2,73.4,64.5,5.7,29.4,23.8,33.1,2026
28,Cambridge,70.8,74.9,69.8,11,34.3,32.2,91.4,2023
107,Cambridge,60.7,71.6,73.9,9.8,39.5,40.9,91.4,2026
154,Campinas,33.2,61.3,36.3,11,28.4,46.5,98.9,2023
179,Campinas,34.3,61.3,27,12.7,27.3,46,98.9,2025
223,Campinas,34.2,61.7,33.2,13,27.3,46.1,98.9,2026
4,Canberra,76.8,77.6,81.3,6.4,27.3,16.4,82.7,2023
77,Canberra,71.6,66.6,87.5,13,44.6,27.8,82.7,2024
31,Canberra,73.2,72.6,66.8,8.7,34.9,22.7,82.7,2025
39,Canberra,71.8,69.7,71.2,9.4,37.7,25.3,82.7,2026
123,Cape Town,26.4,68.6,37.2,6.9,42.9,39.1,98.2,2023
83,Cape Town,26.4,68.7,34.6,5.4,42.4,38.4,98.2,2024
125,Cape Town,26.3,68.8,31.3,5.2,42.4,38.6,98.2,2025
156,Cape Town,26.3,68.9,39.6,5.2,42.3,38.3,98.2,2026
237,Caracas,16.4,38.7,42.6,26.5,34.1,74,99.9,2023
193,Caracas,18,38.1,42.1,26.6,33.7,73.9,99.9,2024
257,Caracas,18.5,38.1,42.3,18.6,33.7,73.6,99.9,2025
294,Caracas,18.6,39.1,43.5,18.6,33.4,72.5,99.9,2026
217,Casablanca,45.4,44.8,33,15.3,46.8,82.7,98.1,2023
241,Casablanca,44.4,44.9,31.4,14.7,44,82.1,98.1,2025
281,Casablanca,45,44.5,35.2,15,44,82.1,98.1,2026
299,Cebu,49.6,60.7,33.5,33.7,36,84.3,60.4,2026
33,Charlotte,53.3,69.5,77.6,3.4,36.8,33.3,84,2023
30,Charlotte,53,69.2,77.7,4.2,36.7,35.3,84,2024
52,Charlotte,53.6,69.2,70,3.8,35.8,35.3,84,2025
56,Charlotte,50.8,67.9,69.8,3.8,35.8,34.8,84,2026
189,Chennai,59.8,69.5,23.3,11.7,47.3,74.6,53.2,2023
138,Chennai,60.4,69.5,22.7,8.2,46.8,74.5,53.2,2024
178,Chennai,60.3,69.6,20.8,8.1,46.7,74.5,53.2,2025
216,Chennai,60,69.7,20.7,8.2,46.6,74.1,53.2,2026
160,Chiang Mai,75.5,84.1,37.7,14,25.1,76.7,75.9,2023
164,Chiang Mai,78.2,85,29.6,11.6,26.5,77.8,75.9,2025
213,Chiang Mai,77.9,85.1,34.8,13.9,26.2,77.8,75.9,2026
116,Chicago,33.9,64.8,79,3.4,41.6,49.2,66.1,2023
100,Chicago,33.7,64.4,80,3.2,42.6,51.8,66.1,2024
134,Chicago,33.9,65.3,73.2,3,41.7,50.8,66.1,2025
140,Chicago,34.5,64.9,76,2.9,41.7,50.5,66.1,2026
180,Chisinau,56.1,51,33.9,11.4,28.2,63.8,76.9,2023
205,Chisinau,58,51.8,32,12.4,28.5,62.9,76.9,2025
237,Chisinau,58.3,51.8,36.5,13.5,28.1,63.4,76.9,2026
23,Christchurch,55.3,70.7,55,5.6,23.3,25.5,88.8,2025
42,Christchurch,55.1,70.2,59.4,7.2,23.4,25.5,88.8,2026
52,Cincinnati,51.9,68.8,64.4,2.6,24.7,44.1,73.2,2023
34,Cincinnati,51.5,68,54.6,2.5,27,43,73.2,2025
73,Cincinnati,50.5,68.6,62.5,3.4,33,43,73.2,2026
128,Cleveland,36.4,72.8,65.2,2.3,32.3,39.1,73.1,2026
119,Cluj-Napoca,77.5,64.5,41.3,15.9,29.6,44.1,74.3,2023
84,Cluj-Napoca,77.4,65.7,41.6,12.7,29.3,44,74.3,2024
114,Cluj-Napoca,78.1,65.8,37.2,12.7,29.5,43.1,74.3,2025
148,Cluj-Napoca,77.6,66.6,44.6,13.7,29.6,43.1,74.3,2026
162,Coimbatore,60,68.1,21.3,7.7,47.2,63.3,78.1,2023
192,Coimbatore,61.7,69.1,17.7,10.7,47,63.1,78.1,2025
229,Coimbatore,62,68.8,17.6,11.9,46.6,63.3,78.1,2026
92,Cologne,58,73.1,66.1,10.8,36.1,40.7,84.8,2023
23,Cologne,58.5,74.7,61.2,7.2,33.5,34.1,84.8,2024
85,Cologne,56.6,72.8,61.3,9.6,35.9,39.2,84.8,2025
100,Cologne,55.3,72,71.4,9,36.7,39.5,84.8,2026
235,Colombo,58.4,71.9,27.6,43.7,61.8,61.1,59.1,2023
190,Colombo,57.8,71.3,35.2,34.6,59.5,60.7,59.1,2024
258,Colombo,58,71.8,34.3,37,60,60,59.1,2025
302,Colombo,57.4,71.2,35.1,55.1,59.5,60,59.1,2026
65,Colorado Springs,58.5,63.3,73,2.9,26,30.2,51.4,2026
35,Columbus,52.8,68.4,73,6.7,29.1,32.3,71.3,2023
39,Columbus,50.4,68.5,71,5.3,31.1,32.7,71.3,2024
60,Columbus,50.5,70.7,66.8,3.9,31.3,29.9,71.3,2025
49,Columbus,50.7,68.6,69.4,3.3,31.2,30.9,71.3,2026
11,Copenhagen,73.5,78,82.3,9,28.5,21.4,83.7,2023
8,Copenhagen,73.8,76.6,79,9,28.6,22.6,83.7,2024
10,Copenhagen,74.2,77,71.3,8.4,27.8,21.3,83.7,2025
11,Copenhagen,74.3,78,85.7,8.9,26.9,22.5,83.7,2026
62,Cork,64.4,55.9,68.8,5.8,35.4,28.7,89.8,2023
26,Cork,64.5,57.4,68.7,5.7,33.9,26.4,89.8,2024
71,Cork,63.5,56.3,63.1,6.4,33.9,26.1,89.8,2025
74,Cork,62.8,55.5,72.2,5.9,34.1,26.1,89.8,2026
161,Cuenca,54,79.3,28.7,13.5,34.6,47,98.4,2025
185,Cuenca,54.5,79.6,30.5,9.6,34.6,47,98.4,2026
137,Curitiba,37.5,66.8,34.3,14.7,32.4,32,99.6,2023
118,Curitiba,37.8,65.9,34.4,17,32.6,31.1,99.6,2024
169,Curitiba,38.5,67.2,25.1,16.9,33.4,31.6,99.6,2025
198,Curitiba,39.3,67,31,16.1,33.1,30.9,99.6,2026
43,Dallas,48.9,66.2,77.1,2.6,35.6,42.6,81.9,2023
27,Dallas,48.4,66,72.6,3,40,43.2,81.9,2024
56,Dallas,48.5,66.1,65.8,3.1,34.9,41.3,81.9,2025
82,Dallas,48.3,66.2,72.9,5.5,35.3,40.9,81.9,2026
263,Davao,71.4,73.6,30,27.4,27.4,58,58.6,2026
222,Delhi,40.8,65.7,25,14.4,57.4,90.5,58.9,2023
169,Delhi,40.6,65.2,24.4,10.1,57.7,90.7,58.9,2024
230,Delhi,40.9,66.2,22.2,11,57.8,90.2,58.9,2025
286,Delhi,40.9,65.8,23,14.3,57.5,90.3,58.9,2026
61,Denver,54.7,69.5,81.7,3.5,36,43.6,56.3,2023
62,Denver,53.2,69.3,78.8,4.3,36.8,44.3,56.3,2024
90,Denver,52.3,69,71.6,4.2,35.7,44.2,56.3,2025
109,Denver,52,68.1,75.1,4.5,35.5,44,56.3,2026
143,Detroit,25.9,62.4,74,1.4,45.1,59.8,66,2023
226,Detroit,27.2,62.6,69.2,3.6,43.7,62.1,66,2026
239,Dhaka,36.8,40.1,29.6,15.4,61,93.5,71.3,2023
196,Dhaka,37.3,40.3,27.9,13.9,61.6,93.9,71.3,2024
260,Dhaka,37.7,40.2,23.6,13.2,61.4,94.3,71.3,2025
301,Dhaka,37.8,40,25.3,14,60.2,94.2,71.3,2026
212,Dnipro,47.3,53.2,27.1,12.3,33,80.4,69.5,2023
176,Dnipro,45.1,52.9,28.4,11.9,33,80.4,69.5,2024
236,Dnipro,46.1,53.9,26.6,12.6,33.5,80.5,69.5,2025
271,Dnipro,46.3,53.9,31,10.2,33.5,80.6,69.5,2026
98,Doha,85.5,73.8,59.6,6.4,29.8,59.8,36,2023
69,Doha,84,72.2,55.6,7.4,31.1,60.9,36,2024
77,Doha,84.1,73.4,47.8,6.2,29.1,59.9,36,2025
133,Doha,84.5,73.6,49.7,6.1,29.1,59.9,36,2026
49,Dubai,83.6,68.1,65.3,3.6,37.3,49.6,50.3,2023
57,Dubai,83.8,68.8,63,5.1,39.4,49.2,50.3,2024
86,Dubai,83.8,69.7,58,6.6,36.3,49,50.3,2025
102,Dubai,83.9,69.9,61.8,7,36.3,49.5,50.3,2026
134,Dublin,47.9,51.2,77.1,9.9,40.4,41,85.9,2023
109,Dublin,47,51.3,73.4,9.6,40.7,40.6,85.9,2024
137,Dublin,46.4,51.3,64.9,9.3,40.6,41.8,85.9,2025
173,Dublin,45.8,51.3,76.7,8.7,40.3,41.6,85.9,2026
131,Durban,19,58.4,37,3.4,26.1,52.8,95.6,2023
115,Durban,19,59,32.8,3.9,25.5,52.2,95.6,2024
151,Durban,19.4,58.6,28.6,5.1,25.5,52.9,95.6,2025
180,Durban,19.6,58.7,35.3,3.2,25.5,53.2,95.6,2026
42,Dusseldorf,64.6,72.2,68.1,11.1,31.1,34.6,86.4,2023
44,Dusseldorf,64.3,72.6,60.8,9.6,28.7,32.4,86.4,2025
22,Dusseldorf,67.3,73.4,73.9,9.2,26.2,27.8,86.4,2026
13,Edinburgh,69.1,78.8,61.4,8.3,29.4,28.8,84,2023
21,Edinburgh,68.8,78.2,69.7,8.8,30.7,28.7,84,2024
32,Edinburgh,68.9,76.1,64.8,7.8,30.9,28.1,84,2025
30,Edinburgh,69.6,77.7,73,8.2,26.3,25.9,84,2026
66,Edmonton,54.1,77.7,69.5,3.1,29.2,30.5,32.1,2023
43,Edmonton,53.6,76.3,64.6,4,29,29.1,32.1,2024
92,Edmonton,53.4,77.2,58.3,4.8,28.3,28.7,32.1,2025
111,Edmonton,53.2,77,62.1,3.9,27.9,28.7,32.1,2026
2,Eindhoven,77.2,77.6,68.5,5.7,24.4,21.2,85.4,2023
2,Eindhoven,77.8,78,64.4,5.9,24.1,19.6,85.4,2024
4,Eindhoven,78.4,79,59.9,6.4,24,19.2,85.4,2025
3,Eindhoven,79.1,80.2,71.7,7,22.6,19.6,85.4,2026
175,Florianopolis,52.9,60.7,26.9,15.1,42.1,40.6,97,2025
208,Florianopolis,53.6,60.5,33.7,14.6,42.1,40.6,97,2026
68,Fort Worth,56.8,64.6,66.9,3.2,27.3,53.4,81.6,2026
57,Frankfurt,55.3,75.2,70.1,13.2,25.7,36.3,84.7,2023
15,Frankfurt,53.7,74.8,63.9,8.2,27.2,36.3,84.7,2024
29,Frankfurt,53.9,77.9,61.8,8.7,23.4,33.2,84.7,2025
17,Frankfurt,55.5,78.2,74,7.2,23.5,32,84.7,2026
129,Gdansk,69.5,50.2,39.6,14.5,29.7,48.3,75.5,2023
105,Gdansk,66,50.3,42.8,12.1,30.3,52.4,75.5,2024
145,Gdansk,67.3,50.8,40.2,12.6,30.4,52.2,75.5,2025
179,Gdansk,68.7,50.5,49.7,12.6,30.6,51.6,75.5,2026
12,Geneva,70.3,72.7,107.1,12.1,26,24.5,82.6,2023
17,Geneva,69.4,72,109.8,13.5,28.7,25.4,82.6,2024
11,Geneva,69.6,70.3,100.7,11.5,32.5,24.6,82.6,2025
25,Geneva,70.6,72.6,116.5,13,32.6,24.4,82.6,2026
155,Genoa,55,66.5,62.3,6.2,33.7,50.3,95,2026
43,Gent,74.9,79.9,59.8,7.4,36.5,37.6,88.7,2025
9,Gent,76.2,83,73.2,6.5,25.2,24.9,88.7,2026
31,Glasgow,54.7,82.4,63.3,7.2,32.8,35.8,84.8,2023
28,Glasgow,54.9,78.9,66.2,6,31.3,34.2,84.8,2024
39,Glasgow,54.4,78.9,60.7,4.8,32,33.7,84.8,2025
43,Glasgow,54.8,78.9,67.8,5.3,29.2,33.7,84.8,2026
40,Gold Coast,52.9,77.3,70.4,8.9,30.3,24.3,97.7,2026
25,Gothenburg,53.4,67.9,62.2,8.8,25.8,20.6,77.5,2023
18,Gothenburg,53.6,67.8,62,8.3,25.3,20.2,77.5,2024
21,Gothenburg,54.2,69,56.2,7.8,24.1,19.5,77.5,2025
14,Gothenburg,54.2,69.9,68.7,6.8,23.8,19.5,77.5,2026
65,Graz,72.9,77.5,59.6,9.1,29.2,38.7,73.9,2025
51,Graz,72.8,77.1,71.3,7.8,29.3,38.7,73.9,2026
2,Groningen,78.1,76.4,54.5,5,20.1,18.8,83.5,2025
4,Groningen,78.4,80.8,68.7,7.3,19.1,17.6,83.5,2026
164,Guadalajara,37.3,79.7,37.4,7.9,41.6,61.5,92.8,2023
145,Guadalajara,37.7,79.8,45,12.9,41.3,59.8,92.8,2024
206,Guadalajara,37.7,79.5,34.2,14.9,41.8,58.3,92.8,2025
256,Guadalajara,37.6,78.3,41,17.5,41.6,59.9,92.8,2026
196,Guangzhou,70.4,67.3,35.6,28.6,36.2,69.9,80.3,2025
199,Guangzhou,71.4,67.2,36.2,22.1,36.2,68.1,80.3,2026
215,Guatemala City,36.2,64.1,43.4,14.3,49.8,72.8,99.9,2023
239,Guatemala City,37.7,63.7,39.6,14.4,50.3,72.8,99.9,2025
269,Guatemala City,37.7,63.6,41.6,10.9,49.2,72.8,99.9,2026
196,Gurgaon,45.7,64.5,27.5,7.4,36.7,91.5,59.9,2023
146,Gurgaon,45.4,63.8,26.6,8.4,35.7,91.2,59.9,2024
173,Gurgaon,46.4,65.1,24.7,7.9,35.4,90.9,59.9,2025
265,Gurgaon,45.9,65.1,24.7,12.8,37,90.8,59.9,2026
118,Haifa,72.3,73.9,64.3,11,28.6,71.2,93.6,2025
130,Haifa,71.8,74.5,80,10.5,28.5,69.3,93.6,2026
58,Halifax,59,68.1,67.9,5.2,30.6,23.2,59,2023
79,Halifax,59.1,66.5,69.6,10.6,33.2,25.4,59,2024
100,Halifax,59,65.9,59.3,8.6,31.4,24.1,59,2025
108,Halifax,61,65,63.3,5.4,31.4,24.3,59,2026
54,Hamburg,57.4,74,70.4,11.3,34.4,30.3,82.8,2023
31,Hamburg,57.9,75.5,69.8,11,32.9,28.3,82.8,2024
51,Hamburg,57.4,74.9,63.1,10.3,32.9,29.1,82.8,2025
29,Hamburg,60.3,76.4,71.9,9.2,30.5,26.7,82.8,2026
127,Hamilton,44.7,78.8,67.5,7.6,33,55.5,61.1,2023
181,Hamilton,43.8,74.5,58.9,4.9,35.8,60.2,61.1,2026
208,Hanoi,62.4,57.6,36.4,16.9,28.7,89,79,2023
174,Hanoi,64,57.7,31.7,19.6,28.2,89.4,79,2024
237,Hanoi,65.9,56.5,27.7,24.7,28.7,89.4,79,2025
285,Hanoi,66.2,56.9,28.4,31.1,28,89.3,79,2026
8,Helsinki,75.2,78.9,68.9,10.4,28.3,13.4,62.8,2023
6,Helsinki,75.3,79.8,69.4,10.1,25.7,12.6,62.8,2024
16,Helsinki,75.3,79.9,63.6,10.9,25.2,12.6,62.8,2025
23,Helsinki,74.6,80.3,74.3,10.7,24.5,12.5,62.8,2026
236,Ho Chi Minh City,47.5,59.9,37.2,34.5,31.4,92.1,63.4,2023
194,Ho Chi Minh City,48.1,61,32.1,36.3,31.2,92.2,63.4,2024
259,Ho Chi Minh City,48.5,62,28.5,34,31.9,92.5,63.4,2025
296,Ho Chi Minh City,49.6,62.6,28.2,32.2,32.1,92.1,63.4,2026
35,Hobart,66,64.2,70.8,6.7,37.7,25.3,90.6,2026
206,Hong Kong,78.5,65.8,75.7,44.9,42.7,67.2,83.6,2023
141,Hong Kong,78.2,65.8,71.5,32.1,42.4,66.9,83.6,2024
188,Hong Kong,78.5,66.1,73.6,29.1,41.8,66.5,83.6,2025
232,Hong Kong,78.6,66.5,75.2,30.9,41.9,66.2,83.6,2026
100,Honolulu,52.7,72.5,102.7,8.7,41.2,37.3,95.3,2023
76,Honolulu,52.7,72.9,92.4,10.2,44,36.6,95.3,2024
112,Honolulu,51.6,72.9,86.9,9.9,41.6,37.1,95.3,2025
149,Honolulu,52.5,72.8,98.2,9.9,40.4,37.1,95.3,2026
81,Houston,36.2,72,69.9,2.4,41.9,56.1,85.5,2023
65,Houston,36.7,68.7,68.3,4.6,44.3,56.8,85.5,2024
103,Houston,36.4,69.6,60.6,2.8,41.6,56.8,85.5,2025
118,Houston,36.8,69.5,63.9,2.5,42,56.9,85.5,2026
175,Hyderabad,56.8,64.9,25.1,8.3,42.1,76.3,73.5,2023
123,Hyderabad,56.9,65.6,24.2,5.7,42.6,76.1,73.5,2024
143,Hyderabad,56.9,65.5,21.3,5.2,42.3,76.1,73.5,2025
146,Hyderabad,57.4,65.5,21.7,4.7,42.3,75.9,73.5,2026
155,Iasi,69.3,56.3,36.6,11.4,34.3,58.3,73,2023
170,Iasi,68.6,56.3,33.7,10.5,33.6,58.9,73,2025
211,Iasi,66.1,56.3,40.5,10.8,33.6,59.7,73,2026
50,Indianapolis,41.1,73.6,76.5,1.9,29.5,42.2,69.9,2023
32,Indianapolis,40.2,71.6,71.3,1.5,33.2,43.2,69.9,2024
94,Indianapolis,39.4,71.9,69,2.6,29.4,43.2,69.9,2026
133,Islamabad,68.8,64.2,19.7,10.7,34.7,41.3,76.9,2023
124,Islamabad,68.8,65.7,20.3,15.1,35.5,41.1,76.9,2024
186,Islamabad,67.9,62.8,20.2,16.5,36.5,41.8,76.9,2025
224,Islamabad,68.6,63.7,22.8,19.1,36,42.1,76.9,2026
211,Istanbul,52.5,69.5,34.6,21,51.7,69.1,93,2023
160,Istanbul,52.2,69.9,36.9,15.4,51.3,68.3,93,2024
217,Istanbul,52,70.1,39.8,14.3,51.3,68,93,2025
241,Istanbul,52,70.1,43.8,10.9,50.8,67.3,93,2026
156,Izmir,68.6,72.7,29.1,13.5,40.3,59.6,96.9,2023
116,Izmir,67.6,72.7,34.6,10.5,39.5,60.4,96.9,2024
167,Izmir,67.6,73.2,35.1,10.3,39.9,60.3,96.9,2025
188,Izmir,66.8,73.3,40.6,6.8,39.9,60,96.9,2026
15,Jacksonville,42.9,70.6,69.9,2.9,36.1,41.6,87.8,2023
53,Jacksonville,43,73.6,59.7,3.5,34.6,38.7,87.8,2025
46,Jacksonville,45.2,69,64.5,3.1,35.5,35.8,87.8,2026
158,Jaipur,65.1,72.5,18.9,6.9,42.1,61.1,57.8,2025
207,Jaipur,65.3,72.9,19,7.3,42.1,61.1,57.8,2026
231,Jakarta,47.3,56.6,35.1,20.3,51.7,84.9,63.8,2023
187,Jakarta,47.3,57.1,32,19.1,52.4,84.8,63.8,2024
249,Jakarta,47.3,57.2,28.4,11.5,53,85.2,63.8,2025
297,Jakarta,47.2,57.2,29.8,22.3,53.5,85.2,63.8,2026
118,Jeddah (Jiddah),71.9,59.6,52.4,3.5,30.6,67.3,66.2,2023
92,Jeddah (Jiddah),73.1,59.8,47.6,3.9,34.2,67.3,66.2,2024
79,Jeddah (Jiddah),74.3,60.7,41.9,3.3,30.3,66.1,66.2,2025
124,Jeddah (Jiddah),75,60.8,43.9,3.3,29.9,65.5,66.2,2026
148,Johannesburg,19.3,60.6,40.5,2.4,40.7,61.3,91.4,2023
127,Johannesburg,19.3,60.5,36.1,2.8,40.8,61.2,91.4,2024
168,Johannesburg,19.2,60.2,33.2,3.1,40.8,61.5,91.4,2025
209,Johannesburg,19.2,60.5,40.4,2.7,40.7,61.9,91.4,2026
159,Kaliningrad,67.9,67.5,21.8,15.7,29.5,41.9,73.7,2025
167,Kaliningrad,70,69.9,36.5,12.3,29.2,35.4,73.7,2026
34,Kansas City,41.9,73.9,68.2,3.5,28.4,34.1,75.1,2023
58,Kansas City,41.4,68.6,66.6,2.7,32.6,33.3,75.1,2026
229,Karachi,45.5,57.3,19.8,18,42.5,89.7,71.3,2023
185,Karachi,43.8,56.2,19.3,12.5,42.7,89.5,71.3,2024
253,Karachi,43,56.7,18.7,12.6,42.2,89.5,71.3,2025
293,Karachi,42.5,57.6,20.8,16.5,42.1,89.6,71.3,2026
232,Kathmandu,63,55.8,27.2,33.9,37.2,95.7,92.6,2023
256,Kathmandu,63.2,55.3,23.8,36.6,35.3,95.7,92.6,2025
298,Kathmandu,63.3,55.6,23.8,39.2,35.2,95.7,92.6,2026
84,Kaunas,61.7,74.5,48.2,10.1,23.6,26.3,68.9,2023
88,Kaunas,63.3,74.5,42.2,10.3,26.1,25.6,68.9,2025
120,Kaunas,63.4,74.7,52.7,10.4,26,25.3,68.9,2026
201,Kazan,69,67.7,22.1,16.6,35.4,57.6,39.6,2025
236,Kazan,70,68.7,36.9,17.1,34.8,56.7,39.6,2026
78,Kelowna,38.3,74.9,64.1,5.4,29.6,25.6,59.7,2023
126,Kelowna,37.9,72.2,61.3,9.7,28.5,26.3,59.7,2025
122,Kelowna,37.9,74.6,63.1,6.4,27.9,26.3,59.7,2026
197,Kharkiv,51.4,48.1,24.5,12.4,38.2,57.2,65.4,2023
165,Kharkiv,51.7,48.1,28.7,13.3,38.2,56.9,65.4,2024
219,Kharkiv,52.8,49.2,24.3,11.8,38.2,56.9,65.4,2025
249,Kharkiv,52.8,49.2,26.9,9.2,38.2,56.9,65.4,2026
200,Kiev (Kyiv),54.8,57.6,30.8,14.8,43.1,65,70,2023
168,Kiev (Kyiv),54.8,57.9,32.3,17.3,43,64.4,70,2024
226,Kiev (Kyiv),54.5,58.2,27.9,15.9,43.1,64.8,70,2025
253,Kiev (Kyiv),54.5,58.1,31.9,12.3,43.1,64.6,70,2026
204,Kolkata,53.4,57.8,22.2,7.6,59.8,78.4,60.9,2023
173,Kolkata,54.4,59.7,21.6,8.7,59.4,78.5,60.9,2024
228,Kolkata,53.5,60,19.6,9.4,59.4,78.1,60.9,2025
270,Kolkata,53.1,60.1,19.2,9.9,59.4,78.3,60.9,2026
150,Krakow (Cracow),74.2,57.5,41.2,13,30.9,70.1,73.9,2023
125,Krakow (Cracow),73.2,54.6,44.8,11.5,32.6,71.6,73.9,2024
148,Krakow (Cracow),74.6,58.9,40.7,12,31.4,70.1,73.9,2025
191,Krakow (Cracow),75.2,58.2,49.5,12.3,31.2,69.8,73.9,2026
239,Krasnodar,66.1,50.3,36.1,13.6,51.8,55.2,78.7,2026
170,Kuala Lumpur,37,68.1,38.7,6.5,41.5,66,56.6,2023
143,Kuala Lumpur,38.2,68.1,34.6,7.3,41.8,65.4,56.6,2024
183,Kuala Lumpur,39.5,68.8,33.3,7.9,41.6,65.1,56.6,2025
225,Kuala Lumpur,40.9,69.5,37.4,9.1,41.6,64.8,56.6,2026
176,Kuwait City,69.6,60,47.5,13.6,32.2,68.8,20.2,2023
132,Kuwait City,70.2,57.8,44.6,10.1,34.5,68.8,20.2,2024
171,Kuwait City,70.8,58.3,42,10.4,34.5,71.1,20.2,2025
210,Kuwait City,71.2,58.3,44.7,8.3,33.7,71.1,20.2,2026
241,Lagos,32.5,46.3,38.8,12.2,68.2,89.3,60.8,2023
199,Lagos,32,47.5,21.9,17.3,67.4,89,60.8,2024
263,Lagos,31.9,47.5,30.5,46.8,70,88.5,60.8,2025
304,Lagos,31.2,47.2,30.2,116,68.3,88.5,60.8,2026
203,Lahore,63.6,62.5,20.7,11.4,34.7,78.7,67.6,2023
167,Lahore,63.3,62.3,19.7,13.4,34.6,78.6,67.6,2024
231,Lahore,63,64.2,18.4,17.4,34.7,78.7,67.6,2025
276,Lahore,63.1,63.6,20.3,20.3,35.1,78.9,67.6,2026
109,Las Vegas,44.8,55.3,72.7,3.4,27.4,52.1,57.4,2023
98,Las Vegas,43.9,54.5,70.8,3.2,27.9,53,57.4,2024
115,Las Vegas,44.4,53.7,64.5,3.6,27.4,51.8,57.4,2025
153,Las Vegas,44.5,53.3,67.7,4.7,27.1,51.5,57.4,2026
9,Lausanne,72.8,73.5,100.9,11.3,27.3,20.7,73.3,2025
27,Lausanne,71.9,70.9,111.5,12.1,33.3,26.9,73.3,2026
75,Leeds,57.2,81.8,62,11.8,29.9,45.3,84.6,2023
69,Leeds,55.4,79.1,58.3,7.6,29.6,45.1,84.6,2025
103,Leeds,54.9,79.1,68.4,6,29.8,45.1,84.6,2026
228,Lima,29.1,58,35.8,17.6,50.9,85.5,97.7,2023
186,Lima,28.9,58.2,34.4,17.6,50.3,85.8,97.7,2024
252,Lima,29.3,58,32.6,14.4,51,85.2,97.7,2025
288,Lima,29.8,58.8,35.5,14.7,51.2,84.4,97.7,2026
124,Limassol,66.8,51.4,60.7,8.4,20,56.5,95.7,2023
106,Limassol,63.1,52.2,59.2,10.2,20.4,59.5,95.7,2024
128,Limassol,61.5,51.3,54.1,9.4,21.4,59.7,95.7,2025
150,Limassol,61.3,50.9,63.9,8.5,23,59.7,95.7,2026
115,Lisbon,70.4,72.4,51.5,19.6,35.5,36.1,98.6,2023
87,Lisbon,70,73.5,51.1,18.2,34.2,34.9,98.6,2024
141,Lisbon,68.7,72.9,46.1,21.1,34.7,35.4,98.6,2025
176,Lisbon,67.4,72.4,54.2,19.7,34.6,37.4,98.6,2026
46,Liverpool,51.7,78.9,57.3,5.1,33.2,30.2,90.9,2025
32,Liverpool,51.5,80.7,66.1,5.1,27.8,28,90.9,2026
73,Ljubljana,78.2,66.3,54.1,14.4,27.3,23.4,76.1,2023
36,Ljubljana,78.6,67.2,53.2,13.2,26.1,23.1,76.1,2024
83,Ljubljana,78.5,66.7,48.5,14.2,26.3,22.9,76.1,2025
106,Ljubljana,78.2,66.6,57.4,14.7,26.3,23.3,76.1,2026
149,Lodz,58.9,56.3,36.9,10.5,34.9,54.8,77,2023
153,Lodz,60.9,57.7,37.4,8,35.8,59.2,77,2025
183,Lodz,62.3,58.6,47.3,8.5,35.6,57.4,77,2026
153,London,46.2,70.2,74.2,16,44.4,58.1,88.3,2023
131,London,45.5,70.1,80.1,16.1,45.3,58,88.3,2024
185,London,44.9,69.6,77.9,18.6,44.8,58,88.3,2025
203,London,44.4,69.5,87.5,15.4,44.8,58.1,88.3,2026
140,Los Angeles,47.8,62.5,78.7,7.3,61,67.3,95.5,2023
96,Los Angeles,47,61.1,85.1,5.2,58,66.9,95.5,2024
166,Los Angeles,46.2,61.3,76.3,7.5,56.9,67.7,95.5,2025
214,Los Angeles,45.9,61.9,81.5,8,57.2,68.4,95.5,2026
7,Luxembourg,71.3,77,74.6,12.6,30,19.4,82.6,2023
3,Luxembourg,71.1,77.8,65.2,9.9,26.6,19.6,82.6,2024
3,Luxembourg,71.3,76.3,66,8.8,27.5,21.6,82.6,2025
6,Luxembourg,72.1,75,80.8,10.2,25.9,20.4,82.6,2026
152,Lviv,61,61,26.2,11.7,32.1,49.1,69.6,2023
135,Lviv,61.8,61.5,28.6,14.7,32.1,49.1,69.6,2024
187,Lviv,61.9,61.1,24.4,14.3,32,49,69.6,2025
218,Lviv,62.8,61.4,29.5,14.1,31.7,48.9,69.6,2026
108,Lyon,47.2,78.3,74.2,9.4,35.9,52,88.5,2023
130,Lyon,43.1,76.1,63.2,9.6,35.8,51.5,88.5,2025
147,Lyon,40.7,76.1,72.2,8.5,35.8,51.7,88.5,2026
45,Madison,65.6,76.3,71.9,7.3,26.7,23.4,51.6,2023
15,Madison,66.5,73.7,63.6,3.1,27.3,28.2,51.6,2025
55,Madison,63.5,67.9,69,3.8,34.9,32.7,51.6,2026
89,Madrid,69.9,80,54.5,11.2,35.3,51.4,85.5,2023
14,Madrid,73.2,79.9,52.7,7.4,25.2,35.4,85.5,2024
67,Madrid,72.1,79.8,48.9,11.6,27.4,38,85.5,2025
85,Madrid,71.3,79.9,60,12.7,27.9,37.7,85.5,2026
73,Malaga,70.6,70.8,42,12.9,25.6,33.9,97,2025
98,Malaga,69,70.8,51.4,11.1,25.2,33.9,97,2026
99,Manama,81,67.7,47.3,5.4,30.8,62.3,64.3,2025
123,Manama,82,67.7,45.3,5.4,30.8,62.3,64.3,2026
107,Manchester,44.6,79.1,64,7.1,40.5,52.9,86.9,2023
103,Manchester,44.9,75.4,67,7.8,39,53.7,86.9,2024
121,Manchester,44.2,74.4,61.5,7.2,39,53.3,86.9,2025
162,Manchester,44.1,74.5,70,7.3,39,53.3,86.9,2026
138,Mangalore,73.9,61.8,20.1,10,35.4,49.3,66.7,2023
197,Mangalore,74.4,62,17.5,8.2,35.4,50.3,66.7,2026
242,Manila,34.6,63.7,37.9,37.6,53.6,89.9,61.2,2023
198,Manila,35.3,63,37.6,33.8,54.5,89.4,61.2,2024
262,Manila,35.5,62.5,34.3,29,51.3,89.8,61.2,2025
303,Manila,35.4,62.5,35.4,35.9,50.7,89.5,61.2,2026
173,Medellin,44.8,78.6,24.9,15.4,38.5,62.7,99.8,2023
154,Medellin,44.7,78.5,32.7,19.4,39,63.4,99.8,2024
209,Medellin,46.5,78.7,27.8,18.2,38.7,63,99.8,2025
250,Medellin,46.4,78.9,34.4,20.6,37.8,62.5,99.8,2026
19,Melbourne,56,75.1,77.9,8.2,41.2,26,94.3,2023
53,Melbourne,56.2,69.1,70.2,10.9,50.1,30.7,94.3,2024
28,Melbourne,56.2,73.4,60.9,7.6,41.8,27.4,94.3,2025
38,Melbourne,55.8,72.4,70.8,7.5,42,28,94.3,2026
220,Mexico City,31.5,65.4,40.8,16,52.1,81.8,92.4,2023
182,Mexico City,32.2,66,47.3,16.5,52.9,81.1,92.4,2024
251,Mexico City,32.5,66.1,38.1,17.6,52.7,80.8,92.4,2025
283,Mexico City,33.2,65.5,45.9,15,52.7,80.3,92.4,2026
110,Miami,47.4,63.7,81.9,5.8,43.1,39.4,85.7,2023
78,Miami,47.4,63.8,77.7,5.7,42.1,38.7,85.7,2024
120,Miami,47.3,63.4,72.8,6.2,42.8,39.1,85.7,2025
158,Miami,46.7,63,79.5,6.3,42.9,39.4,85.7,2026
181,Milan,51.3,71.7,73.6,19,36.2,67.8,88.1,2023
158,Milan,48.4,71.1,69.7,20.5,36.3,67.6,88.1,2024
198,Milan,48.2,70.7,62.1,16,35.9,67.4,88.1,2025
230,Milan,46.5,70.3,73.1,15.4,36.1,67.9,88.1,2026
44,Milwaukee,32.9,65.2,71.3,4.2,30.6,31.7,61,2023
113,Milwaukee,34,63.4,65.7,2.7,30.3,32,61,2026
48,Minneapolis,44.7,78.5,74.9,4.8,36,26.7,49.5,2023
48,Minneapolis,44.2,70.4,75,4.4,39.1,30.3,49.5,2024
59,Minneapolis,44.1,71.5,67.3,3.2,35.7,29.3,49.5,2025
78,Minneapolis,44.4,71.7,71.5,3,36.5,28.5,49.5,2026
183,Minsk,42.3,48,37.1,14.4,29.9,41.7,64.4,2023
140,Minsk,47.9,48.8,28.2,12.8,31,42.6,64.4,2024
184,Minsk,49,49.3,26.2,11.1,31.2,42.9,64.4,2025
215,Minsk,50.1,50.2,32,10.4,31.4,42.5,64.4,2026
71,Mississauga,57.5,69.8,64.8,9.4,37.9,24,58.7,2023
71,Mississauga,56.5,67.7,67.1,12.3,37.3,26.1,58.7,2024
93,Mississauga,56.3,69.9,57.4,11.8,37.3,23.5,58.7,2025
134,Mississauga,56.1,70.2,62.4,12.3,37.3,23.5,58.7,2026
161,Monterrey,51.7,68.8,42.2,7.6,31.7,70.5,80.4,2023
144,Monterrey,51.8,69.3,51.8,9.7,31.7,70.7,80.4,2024
210,Monterrey,51.9,68.8,40.5,14.8,32.1,71.7,80.4,2025
257,Monterrey,51.9,68.8,49.3,16.4,31.6,71.3,80.4,2026
158,Montevideo,44.2,68.2,59.3,12.7,37.8,47.3,98,2023
114,Montevideo,44.2,68.4,54.4,9.5,38.8,47,98,2024
181,Montevideo,43.7,68.6,47.5,13,40.9,47,98,2025
220,Montevideo,43.5,68.5,57.2,12.9,41.4,46.1,98,2026
93,Montreal,68.2,63.5,65.3,8.4,40.1,33.9,52.4,2023
88,Montreal,68,62.7,65.5,11,39.6,33.8,52.4,2024
116,Montreal,67.2,61.9,58.4,9.7,39.9,33.6,52.4,2025
126,Montreal,67.2,61.9,59.9,7.8,39.9,33.7,52.4,2026
195,Moscow,63.2,65.5,46.2,21.6,50.5,56.2,55.8,2023
147,Moscow,64,67,35.7,18.6,50,55.1,55.8,2024
195,Moscow,64.4,67.4,30.8,17.6,50.3,55,55.8,2025
242,Moscow,64.8,67.7,47.5,21.6,50.4,54.8,55.8,2026
233,Mumbai,55,65.2,25.7,36.6,54.9,83.7,71.5,2023
189,Mumbai,55.2,65.1,25.2,38.5,55.3,83.3,71.5,2024
242,Mumbai,55.7,65.4,25.6,28.4,54.8,83.3,71.5,2025
291,Mumbai,55.9,65.5,26.3,33.3,55.1,83.2,71.5,2026
18,Munich,81.2,76.6,73.1,16.1,32.9,25.1,76,2023
9,Munich,79,76.7,66.7,13.4,30.9,25.8,76,2024
42,Munich,79.4,77.4,65.9,15,30.9,25,76,2025
12,Munich,78.9,79.5,76.1,11.9,28.4,23.7,76,2026
22,Muscat,79.9,59.4,50,4.1,20.7,35.5,67.2,2023
24,Muscat,80.2,60.7,45.6,4.3,20.2,37.3,67.2,2024
37,Muscat,80.9,64.2,40.4,4.2,19.8,35.6,67.2,2025
47,Muscat,81.3,63.3,44.3,5.9,22.6,35.9,67.2,2026
214,Nairobi,40.7,62.3,34.6,13,53.8,79.7,99.8,2023
175,Nairobi,40.9,61.6,25.9,11.1,53.4,79.8,99.8,2024
244,Nairobi,40.3,62.8,30.7,17.1,52.7,79.8,99.8,2025
280,Nairobi,40.6,63.2,32,14.6,53.7,79.8,99.8,2026
66,Nanaimo,46.5,62,62.6,6.1,26,27.6,92.3,2026
229,Naples,37.3,59,50.7,15,44.7,79.2,95.8,2025
260,Naples,37.7,59,59,10.7,43.6,78.5,95.8,2026
65,Nashville,53.3,63.9,81.9,3.9,39,35.7,83,2023
66,Nashville,51.6,62.1,66.4,3.6,38.5,37.4,83,2025
96,Nashville,51.5,63.8,70.3,5.1,38.5,38.2,83,2026
122,New Orleans,32.7,61.9,71.2,3,28.5,52,86.5,2025
152,New Orleans,32.9,62.2,77.1,3.8,28,51,86.5,2026
141,New York,50.9,62.3,100,10.2,43.6,57.6,79.7,2023
117,New York,50,62.7,100,11,43.6,58.3,79.7,2024
190,New York,49.3,62.9,100,14.2,43.6,58.2,79.7,2025
222,New York,48.9,62.8,100,13.5,43.5,57.9,79.7,2026
31,Newcastle upon Tyne,60.6,77.2,67.7,7.8,33.1,34.5,85.7,2026
122,Nicosia,69.5,54.5,55.7,6.7,25.1,61,86,2023
135,Nicosia,69.3,56.6,47.6,7.6,24.4,59.3,86,2025
178,Nicosia,68,55.6,58,7.6,27.1,60.1,86,2026
126,Nizhny Novgorod,71.3,75.7,37.9,15.2,27.6,31.7,45.5,2023
102,Nizhny Novgorod,71.9,73.4,29,14.6,27.4,33.8,45.5,2024
146,Nizhny Novgorod,71.8,74.5,22.5,15.4,27.1,33.2,45.5,2025
190,Nizhny Novgorod,72.2,73.9,36.1,15.6,27.1,34.4,45.5,2026
199,Noida,44.7,66.8,26.5,5.4,45,92.2,58.9,2023
200,Noida,44.8,67.5,22,6.5,44.4,91.5,58.9,2025
245,Noida,44.9,67.5,21.9,6.6,44.4,91.2,58.9,2026
157,Novi Sad,59.1,50.8,37.2,16.8,18.5,52,84,2023
130,Novi Sad,59.5,49.4,40,17.1,18.3,52.5,84,2024
174,Novi Sad,61.6,50,37.2,15.5,18.3,54.5,84,2025
212,Novi Sad,61.4,50.2,45,15.8,18,54.3,84,2026
224,Novosibirsk,52.3,56.9,41.1,15.1,40,70.1,16.1,2023
183,Novosibirsk,53.5,56.8,29.6,15.5,41.3,69.1,16.1,2024
238,Novosibirsk,53.5,56.8,21.9,13.1,40.9,67.9,16.1,2025
274,Novosibirsk,54.7,56.5,36.8,12.2,40.9,67.6,16.1,2026
50,Nuremberg,63.9,63.1,60,9.7,35.2,27.5,77.5,2025
10,Nuremberg,70,72.7,69,7.7,25.9,22.1,77.5,2026
105,Oakland,32.6,77.9,90.1,9.2,37.7,39.2,96.4,2023
119,Oakland,31.1,72.5,85.2,6.6,36.5,41.3,96.4,2026
201,Odessa (Odesa),46.9,50.4,26.6,14.3,36.6,62.4,79,2023
164,Odessa (Odesa),46.1,50.8,29.3,13.6,36.6,61.3,79,2024
223,Odessa (Odesa),44.9,51,25,13.5,36.6,62.6,79,2025
267,Odessa (Odesa),44.8,50.9,29.7,14,36.6,62.1,79,2026
46,Oklahoma City,49.6,71,70.7,3.6,27.5,24.7,77.6,2023
53,Oklahoma City,50,64.9,67.5,2.8,35.1,31.3,77.6,2026
50,Omaha,53.5,69.3,65.7,2.4,24.5,35.9,59.8,2026
16,Orlando,48.5,62.8,71.4,2.9,36.6,36,87.2,2023
33,Orlando,50.3,61.6,72.1,2.6,36.2,35.2,87.2,2024
57,Orlando,50.5,60.7,64.6,3.1,36.3,34.7,87.2,2025
48,Orlando,52,63.2,69,3.3,35.5,34.8,87.2,2026
60,Oslo,65.9,77.7,93.5,11.1,30.9,23.2,60,2023
20,Oslo,66.8,78.1,80,9.9,28.1,21.7,60,2024
58,Oslo,66.1,77.8,74.4,10.3,28,22.1,60,2025
92,Oslo,65.6,77.7,90.2,11.6,27.8,21.9,60,2026
41,Ottawa,71.7,72.9,68.2,7.3,31.6,22.3,44.5,2023
93,Ottawa,68.5,67.4,73.3,12.6,39.5,28.9,44.5,2024
80,Ottawa,68.7,68.5,59,7.9,33.8,24.6,44.5,2025
28,Ottawa,69,68.7,61.7,5.1,32.7,24.1,44.5,2026
188,Panama City,52.3,60.1,50.4,10.5,32.8,63.2,67.8,2023
153,Panama City,51.4,59.5,49.1,10.8,32.8,61.5,67.8,2024
214,Panama City,52.5,59.5,45.6,10.8,32.8,61.4,67.8,2025
258,Panama City,52.9,60.2,47,13.2,32.8,61.6,67.8,2026
172,Paris,43.1,79.1,76.1,20.2,41.5,63.9,88.4,2023
136,Paris,42.1,78,75.4,17.4,41.1,64.6,88.4,2024
176,Paris,42,77.6,68.2,16.9,41.1,64,88.4,2025
200,Paris,42,77,78.6,15.9,41.2,63.4,88.4,2026
233,Pattaya,53.9,74.4,33.6,22.7,22.4,87,75,2025
278,Pattaya,54.1,75.1,37.9,25.7,21.9,87,75,2026
29,Perth,58.3,72.9,80.4,7.3,39.1,25.8,95.7,2023
49,Perth,57.6,67.5,75.6,9.3,48.9,30.8,95.7,2024
25,Perth,58.2,72.1,58.9,5.9,40.7,27.3,95.7,2025
37,Perth,57.7,71.9,68,6.4,40.9,28.3,95.7,2026
104,Philadelphia,35.1,68.8,79.3,4.2,40.1,53.5,78,2023
91,Philadelphia,34.2,68.7,76.6,4.7,40.4,50.2,78,2024
129,Philadelphia,33.8,70.2,73.9,3.5,40.4,48.2,78,2025
142,Philadelphia,34.7,71.1,78.8,3.4,39.7,47.7,78,2026
91,Phoenix,46.4,66.6,74,2.4,32.6,56.6,53.8,2023
72,Phoenix,46.6,67.5,69,3.2,34.9,57,53.8,2024
107,Phoenix,46.8,66.9,63.8,3.9,32.8,57.6,53.8,2025
165,Phoenix,47,65.9,71.6,4.7,32.8,58,53.8,2026
63,Pittsburgh,61.5,75.6,77.8,3.7,38.5,47.3,72.1,2023
66,Pittsburgh,60.4,70.1,76.1,9,40.6,49.1,72.1,2024
64,Pittsburgh,61.7,73.1,68.7,2.5,37.1,48.2,72.1,2025
77,Pittsburgh,61.4,72.2,70.2,2.8,36,48.5,72.1,2026
139,Plovdiv,73.6,57,33,8.4,26.6,59.5,82.6,2025
172,Plovdiv,74.5,59.5,40.1,8.8,26.6,58,82.6,2026
54,Plzen,70.1,76.9,41.1,11.1,24.4,31.3,81.4,2025
20,Plzen,75.5,81.6,50.8,9.7,21.6,23.9,81.4,2026
151,Port Elizabeth,21.4,62.5,38.2,2,33.9,46.2,98.8,2026
21,Portland,45.4,73.2,80.9,4.6,32.8,31.5,89.6,2023
52,Portland,43.1,69.1,82.3,5.3,38.5,35.5,89.6,2024
38,Portland,42.6,71.1,71.2,3.7,32.6,31.4,89.6,2025
70,Portland,41.7,65.4,75.2,3.7,37.4,35.7,89.6,2026
192,Porto Alegre,27.6,63.3,34.1,15,31.3,56.4,98.7,2023
152,Porto Alegre,29.1,64.4,35.9,13.8,31.3,55.9,98.7,2024
213,Porto Alegre,29.2,64.5,26.8,14.3,31.3,56.9,98.7,2025
251,Porto Alegre,29.3,64.5,32.2,14.1,31.3,56.9,98.7,2026
95,Porto,64.8,75.9,48.3,13.4,29.5,34.5,96.6,2023
16,Porto,68.2,79.5,45.6,7.7,24,24.7,96.6,2024
87,Porto,67.1,79.4,42.3,15,24.4,24.8,96.6,2025
104,Porto,66.6,78.8,49.3,14.8,24.8,24.5,96.6,2026
136,Poznan,71.8,54.5,37.8,12.8,31.2,57.5,77.4,2023
121,Poznan,68.5,50,42.1,9.8,34.3,63.8,77.4,2024
136,Poznan,72.1,57,38.6,9.2,31.6,59.2,77.4,2025
163,Poznan,72.3,57,46.6,8.8,31.6,60.3,77.4,2026
94,Prague,75.3,74.7,54.6,19.3,32.3,33.9,80.7,2023
64,Prague,75.5,74.5,51.5,18.3,31.9,33.6,80.7,2024
97,Prague,75.5,74.6,46.1,17.4,31.8,33.3,80.7,2025
132,Prague,75.2,74.8,59.6,18.9,31.8,33.5,80.7,2026
135,Pretoria,18,66.1,37.7,1.9,45.5,56,95.8,2023
104,Pretoria,18.2,66.7,34.2,1.8,45.1,55.1,95.8,2024
132,Pretoria,18.2,66.5,31.3,2.2,44.7,56,95.8,2025
202,Pretoria,18.2,66.5,41.6,2.6,43.9,56,95.8,2026
146,Pune,58.4,67,24,8.4,43.7,70.7,74.3,2023
108,Pune,58.2,63.8,25.1,8.7,45.5,71.5,74.3,2024
113,Pune,58.9,65.7,22.8,6.2,44.1,71.2,74.3,2025
175,Pune,58.7,65.5,22.8,7.6,43.9,71.1,74.3,2026
97,Qingdao,90.7,77.5,32.7,19.8,27.5,53.6,70.4,2023
112,Qingdao,89.2,76.7,30.1,13.6,27.9,50.5,70.4,2026
40,Quebec City,83.9,71.8,67.9,9,30.7,32.1,48,2023
94,Quebec City,78,68.9,70.4,13.7,37.6,40.8,48,2024
102,Quebec City,77.8,69,56.7,11.6,33.4,37,48,2025
86,Quebec City,77.6,69.6,60.6,8.8,33.4,36.2,48,2026
105,Queretaro (Santiago de Querétaro),62.3,76.8,34.9,6.4,33.6,39.8,94.5,2025
164,Queretaro (Santiago de Querétaro),62.2,73.6,44.6,9,33.6,40.2,94.5,2026
185,Quito,38.5,71.7,36,11.8,40.9,64.1,99,2023
157,Quito,37.1,70.1,35.5,14.4,40.1,64.4,99,2024
211,Quito,36.9,70.1,33.1,12,40.1,65.1,99,2025
244,Quito,36.5,70.4,33.6,9.8,41.5,65.3,99,2026
26,Raleigh,61.7,67.7,80.1,6.1,35.7,29.1,83.9,2023
37,Raleigh,62,68.9,77.3,8.3,37.9,32.8,83.9,2024
20,Raleigh,61,68.3,68.8,4.7,34.9,30.4,83.9,2025
54,Raleigh,52,66,67.8,3.5,39.8,38,83.9,2026
221,Recife,23.6,62.7,33.8,18,46.5,69.8,79.3,2023
232,Recife,24.3,63.9,24,10.8,46.9,69.9,79.3,2025
284,Recife,25.1,64.5,29.1,15.3,46.9,69.9,79.3,2026
68,Regina,47.5,65.8,62,2.6,17,40,14.3,2023
138,Regina,46.6,66.3,54.9,4,17.1,40.2,14.3,2025
174,Regina,46.5,65.4,63,3.9,23.8,39.3,14.3,2026
67,Reno,53.9,62.6,73.7,4,29.1,30.4,62.3,2026
10,Reykjavik,76.2,67.8,85.8,7.4,20.5,14.3,68.8,2023
13,Reykjavik,75.7,68,88.5,7.7,21.9,15,68.8,2024
36,Reykjavik,75.8,68.5,83.7,8.2,21.3,15,68.8,2025
33,Reykjavik,76,70,98.9,8,20.5,15.4,68.8,2026
63,Richmond,49.4,65.9,69,3.2,40.1,36.4,81.3,2026
120,Riga,61.5,61,54.9,8.9,31.3,37.8,74.7,2023
97,Riga,61.2,60.7,52.5,9,31.1,37.8,74.7,2024
131,Riga,61.7,60.5,45.5,8.7,31,37.7,74.7,2025
157,Riga,62.5,60.9,54.9,8.4,30.3,37.1,74.7,2026
79,Rijeka,74.8,64.6,45.9,11.9,18.9,35.6,94.9,2023
81,Rijeka,76.5,67.2,53.6,12.9,17.5,29.6,94.9,2026
234,Rio de Janeiro,22.4,45,38.2,23.8,51.3,67.7,88.2,2023
192,Rio de Janeiro,22.6,46,38.7,25.3,51.2,67.4,88.2,2024
254,Rio de Janeiro,24.8,46.2,27.8,20.9,51.5,67.5,88.2,2025
292,Rio de Janeiro,24.8,46.6,32.9,21.1,51.2,67.7,88.2,2026
112,Riyadh,73.2,64.6,53.5,3.3,31.3,63.9,44.4,2023
90,Riyadh,73.7,63.7,51.2,3.1,34.2,64.4,44.4,2024
106,Riyadh,75,65.5,47.3,3.6,32.3,63.4,44.4,2025
159,Riyadh,75.4,66.2,48.4,5.1,34.1,63.3,44.4,2026
190,Rome,47,60,66.1,16.2,41.8,66.3,93.7,2023
133,Rome,49.5,63.6,57.9,15.8,38.4,56.8,93.7,2024
162,Rome,51.2,63.6,51,13.9,37,52.6,93.7,2025
192,Rome,52.7,65,63.4,14.3,35.3,48.8,93.7,2026
6,Rotterdam,67.1,78.7,67.2,5.6,25.8,29.7,87.9,2023
4,Rotterdam,71.6,80.2,61.9,5.7,23.4,24.7,87.9,2024
8,Rotterdam,71.6,80.7,61.5,6.7,22.4,23.2,87.9,2025
5,Rotterdam,74,84.3,74.6,6.5,21,22.2,87.9,2026
67,Sacramento,50.6,68.4,84.7,6.3,27,46.5,90.6,2023
50,Sacramento,49.6,67.6,83.7,4.8,36,49.6,90.6,2024
76,Sacramento,50.8,67.7,76,4.5,27.1,47.1,90.6,2025
89,Sacramento,50.8,67.4,79.2,4.7,27.1,46.9,90.6,2026
33,Saint Louis,30.4,79.6,62.3,1.7,27.1,37.5,74.8,2025
75,Saint Louis,30,69.9,70.7,2,28.4,37.5,74.8,2026
205,Saint Petersburg,60.3,59.8,44.8,20.3,48.2,62.3,60.6,2023
162,Saint Petersburg,60.9,61,31.3,17.8,48.5,61.6,60.6,2024
212,Saint Petersburg,61.8,61.6,25.8,15.7,48.7,61.1,60.6,2025
243,Saint Petersburg,62.3,61.5,40.3,14.4,49.1,60.1,60.6,2026
72,Salt Lake City,66.3,71.2,65.8,3.6,35.4,62.9,66.5,2023
41,Salt Lake City,66.3,67.7,70.3,2.4,35.4,62.2,66.5,2024
75,Salt Lake City,65.6,68.4,61.9,3.4,33.9,61.7,66.5,2025
127,Salt Lake City,64.1,66.7,66.7,4.2,33.9,62.6,66.5,2026
38,San Antonio,50.6,67.4,67.6,4.1,32.4,46.5,80.6,2023
46,San Antonio,51.8,68.1,67.5,8.2,33.5,43.9,80.6,2024
47,San Antonio,52.2,68.3,58.8,3.9,31.7,43.9,80.6,2025
61,San Antonio,51.2,66.8,63.1,3.9,36.7,45.1,80.6,2026
32,San Diego,59.6,68.9,82.9,7.8,34.7,38.6,97.1,2023
58,San Diego,59.1,67,86.4,10.9,40.7,42.2,97.1,2024
45,San Diego,60.3,67.9,77.9,7.1,34.7,39.3,97.1,2025
62,San Diego,60.4,68,82,7.1,34.6,39.8,97.1,2026
130,San Francisco,38.9,63.9,99.6,9.2,51,50.4,97.3,2023
81,San Francisco,38.1,63.9,92.5,7.1,52.7,53.1,97.3,2024
104,San Francisco,38.5,64.8,90.5,7.3,49.5,50,97.3,2025
137,San Francisco,39.4,64.9,97.6,7.1,49,49,97.3,2026
182,San Jose,44.3,62.5,50.1,9.7,64,50.9,99.5,2023
218,San Jose,44.5,62.4,52.3,12.1,63.3,50.1,99.5,2025
252,San Jose,44.4,62.9,53.5,10.9,63.3,48.4,99.5,2026
187,San Juan,31.6,63,72.5,8.6,37.5,50.8,71.2,2023
204,San Juan,32.9,63.1,68.4,9.6,34.5,48.9,71.2,2026
209,Santiago,38.8,66,46.8,18.7,37,70.4,90.2,2023
171,Santiago,37.4,64.8,43.1,18.3,37.9,70.8,90.2,2024
227,Santiago,36.3,65.5,38,18.1,37.1,70.8,90.2,2025
266,Santiago,35.8,65.6,41.9,16.6,37.1,70.7,90.2,2026
250,Santo Domingo,31.9,54.9,40.8,11.5,35.4,77.6,67.8,2025
287,Santo Domingo,33,54.9,39.4,14.2,35.5,77.4,67.8,2026
230,Sao Paulo,29.5,58.7,41.2,23.4,50.1,79.6,99,2023
188,Sao Paulo,29.6,59.7,40,24.4,50.4,79.1,99,2024
248,Sao Paulo,29.9,60.1,30.5,17.9,50.8,78.9,99,2025
279,Sao Paulo,30.1,60.3,36.8,15.4,51.3,79.4,99,2026
171,Sarajevo,54.1,58.4,38.6,11.8,28.3,67.5,78.2,2023
139,Sarajevo,57.3,60.4,36.8,13.3,27.6,66.8,78.2,2024
197,Sarajevo,55.4,60.7,33.1,15.5,27,65.7,78.2,2025
234,Sarajevo,55.5,59.1,42.8,14.4,26.9,66.2,78.2,2026
39,Seattle,47.2,72.2,92.9,5.4,42.7,30.9,91.7,2023
22,Seattle,45.4,66.1,87.7,5.6,47,38.5,91.7,2024
24,Seattle,46.1,70.9,78.9,4.5,42.4,33.6,91.7,2025
59,Seattle,44.8,67,90.6,4.8,42.9,39.2,91.7,2026
166,Seoul,75.3,82.6,78.9,30.8,42.3,58.5,68.4,2023
113,Seoul,75.5,82.5,70.3,24.9,42.2,58.1,68.4,2024
154,Seoul,75.8,83,63.1,26.8,42.2,57.5,68.4,2025
166,Seoul,75.3,82.9,68.2,27.2,41.2,50.9,68.4,2026
219,Shanghai,69.4,63.6,47.7,46.6,46.7,73.6,83.6,2023
180,Shanghai,70.6,64.2,42.1,47.9,47.8,72.1,83.6,2024
207,Shanghai,72.1,65.2,39.3,34,46.1,70.6,83.6,2025
240,Shanghai,73.5,66.8,38.8,34.2,45.5,68.3,83.6,2026
167,Sharjah,84.1,59.7,47,6.5,54.7,48.3,43.3,2023
144,Sharjah,83.8,60.3,47.3,12.2,55.4,48.2,43.3,2025
161,Sharjah,84.5,60.3,50.7,10.4,57.2,48.2,43.3,2026
184,Shenzhen,71.1,58.4,44.1,40.1,35.7,60.5,81.8,2023
149,Shenzhen,74.3,63.3,36,27.8,34.3,56.3,81.8,2025
186,Shenzhen,75.1,64.2,37,28.5,33.7,55.1,81.8,2026
103,Singapore,70.8,70.9,85.9,15.5,41.4,33.1,57.5,2023
56,Singapore,76.5,70.6,81.9,14.9,39.2,33.3,57.5,2024
142,Singapore,77.4,71.8,79.1,23.2,40.5,32.6,57.5,2025
168,Singapore,77.5,71.9,87.7,22.1,41,32.2,57.5,2026
210,Skopje,53.1,54.8,36.8,15.3,28.1,83.1,76.3,2023
170,Skopje,53.1,54.4,36.3,14.9,27.1,83.1,76.3,2024
222,Skopje,53.8,54.4,31.8,13.7,27.3,83.3,76.3,2025
261,Skopje,53.9,54.9,38.1,13,27.2,83,76.3,2026
169,Sofia,58.1,57.4,46.2,10.3,30.4,68.9,76,2023
128,Sofia,59,57.6,41.6,8.9,31,68.7,76,2024
165,Sofia,60.5,58.5,39.1,9.4,30.9,68.1,76,2025
201,Sofia,61.2,58.6,46.2,10.2,30.5,67.9,76,2026
77,Split,67.7,68.7,45.6,15.7,16.1,32.2,96.3,2023
25,Split,69.6,74.2,45.1,15.7,18.2,24.7,96.3,2024
101,Split,69.1,70.2,47.4,19.1,17.4,27.6,96.3,2025
114,Split,69.9,68.4,58.6,17.4,16.9,27.6,96.3,2026
27,Spokane,44.5,64.7,72.7,2.8,23.7,23.7,67.1,2023
69,Spokane,44,66,71.2,3.2,29.1,28.2,67.1,2026
18,Stavanger,74.9,71.8,82.7,6.2,32.3,20.6,80,2026
87,Stockholm,53.9,66.6,70.8,14.3,35.2,18.5,69.7,2023
44,Stockholm,54.1,66.8,68.8,12.1,34.1,18.4,69.7,2024
72,Stockholm,53.9,65.9,61.8,11.7,34.1,18.3,69.7,2025
115,Stockholm,53.5,65.7,78.6,13,34.1,18,69.7,2026
53,Stuttgart,68.6,71.1,64.1,11.1,34.1,46,81.1,2023
12,Stuttgart,65.2,75,61.7,7.8,30.6,42.1,81.1,2024
41,Stuttgart,65,76.7,60.2,8.5,29,38.8,81.1,2025
21,Stuttgart,70,80.2,71.5,7.6,25.9,34.5,81.1,2026
20,Sydney,66.1,77,81.5,12.2,43.6,28.1,97.1,2023
68,Sydney,65.7,71.3,75.9,18.5,47.2,31.2,97.1,2024
49,Sydney,65.9,74.8,67.6,13,43.5,28.8,97.1,2025
79,Sydney,66,74.8,75.1,12.6,43.3,28.6,97.1,2026
113,Taipei,84.9,86.4,57.6,29.5,34.7,49.5,84.4,2023
86,Taipei,84.3,86.3,52,28.8,34.1,47.7,84.4,2024
127,Taipei,83.8,86.7,47.8,28.4,35,48.5,84.4,2025
189,Taipei,83.5,87.2,54.7,33.6,34.6,48.7,84.4,2026
74,Tallinn,75.3,72.5,59.6,12.3,26.5,20.9,64.3,2023
19,Tallinn,77.1,75.4,55.6,10.3,24.6,18.7,64.3,2024
70,Tallinn,78,74.5,52.7,11.8,24.5,18.9,64.3,2025
76,Tallinn,78.3,73.8,64.8,11.2,24.4,18.4,64.3,2026
17,Tampa,53.7,66.4,76.3,3.6,37.2,32.3,84.7,2023
34,Tampa,54.1,67,82,4.3,36.7,33.5,84.7,2024
35,Tampa,54.2,66.8,71.1,3.2,36.5,32.5,84.7,2025
45,Tampa,55.5,66.8,70,3.9,36.5,33.7,84.7,2026
189,Tashkent,72.2,63.4,25.2,13.5,35.4,53.4,69.8,2025
219,Tashkent,73.8,65.8,29.4,11.8,35.8,59.2,69.8,2026
193,Tbilisi,74.1,54.3,41.5,14.5,37.2,72,84.2,2023
155,Tbilisi,74.5,54.2,39.2,14,39.5,71.6,84.2,2024
215,Tbilisi,74.3,54.7,32.9,13.9,39.8,71.8,84.2,2025
255,Tbilisi,74.6,55.3,36.6,15.8,38.5,71.8,84.2,2026
238,Tehran,44.1,52.6,33.2,29,52.9,81,71,2023
197,Tehran,43.4,53.2,29.7,35.7,52.5,80.5,71,2024
261,Tehran,42.8,53.3,26.3,32.7,52.3,80.3,71,2025
300,Tehran,42.7,53.3,23.1,26,52.9,80.3,71,2026
111,Tel Aviv-Yafo,73,74.4,80.3,20.5,36.7,47.5,93.9,2023
89,Tel Aviv-Yafo,73.3,73.9,72.5,23.6,36.5,46.3,93.9,2024
123,Tel Aviv-Yafo,74,73.7,76.2,23.3,35.7,45.9,93.9,2025
144,Tel Aviv-Yafo,74.1,73.7,91.4,20.9,35.8,46.1,93.9,2026
1,The Hague (Den Haag),78.8,80,62.7,5.9,22.9,19.2,90.6,2023
1,The Hague (Den Haag),79.7,80.1,59.6,5.5,22,18.2,90.6,2024
1,The Hague (Den Haag),79.5,80.7,58.3,5.7,21,17.9,90.6,2025
1,The Hague (Den Haag),80,84,72.3,6,20.1,17.6,90.6,2026
178,Thessaloniki,46.5,55,55.8,11.7,29,63.9,88.4,2023
156,Thessaloniki,46.2,55.4,55.5,14.9,29.7,64.5,88.4,2024
194,Thessaloniki,47.5,58.1,46.9,13.5,28.7,56.1,88.4,2025
227,Thessaloniki,48,58.4,53.4,13.9,28.1,54.7,88.4,2026
238,Thiruvananthapuram,61,63.4,19.4,9.7,40.9,56.4,64.8,2026
106,Timisoara,75.6,71.9,36.7,10.9,23.5,56.2,82,2023
85,Timisoara,74.3,71.2,38.7,10.2,23.9,56.2,82,2024
110,Timisoara,74.5,71.4,34.7,8.5,24.3,55.9,82,2025
135,Timisoara,74.6,71.4,41.3,9,24.7,55.3,82,2026
216,Tirana,57.7,48,41,17.5,38.5,86.5,86.4,2023
178,Tirana,58.6,48.5,44.6,16.7,39,86.6,86.4,2024
240,Tirana,59.4,47.1,42.2,16.6,39,87,86.4,2025
277,Tirana,60.2,47.3,49.5,16.9,38.4,87,86.4,2026
83,Tokyo,75.4,79.9,73.7,12.6,41.6,43,85.3,2023
35,Tokyo,75.9,78.6,57.4,11.9,39.9,42.2,85.3,2024
96,Tokyo,75.3,79.2,51.1,16,42.9,42.6,85.3,2025
110,Tokyo,74.9,78.7,54.2,15.2,42.7,43,85.3,2026
114,Toronto,57.8,75.6,73,12.9,44.8,37.5,65.3,2023
99,Toronto,56.9,74.8,71.6,13.9,44.3,37.3,65.3,2024
124,Toronto,56.6,74,61.4,12.6,44.6,37.8,65.3,2025
143,Toronto,56.5,74.1,67.5,11.4,44.6,37.5,65.3,2026
68,Toulouse,50.3,84,58.5,7.2,32.8,39,91.9,2025
97,Toulouse,50.2,79.4,69.1,8.3,32.3,39,91.9,2026
139,Trieste,72.4,64.5,61.8,8.6,28.8,47.6,92.6,2026
55,Trondheim,79.3,74.4,76.8,11.7,29.5,20.7,66.7,2025
26,Trondheim,78.9,75.8,84.9,6.6,31,20.7,66.7,2026
40,Tucson,45.7,61.3,78.2,3,31.9,29.9,72.7,2024
63,Tucson,45.6,61.3,63.1,3.6,27.3,28,72.7,2025
60,Tucson,45.3,61.3,64,3.9,29.4,29,72.7,2026
52,Tulsa,48,68.7,65,2.6,33.5,31.7,79.3,2026
268,Tunis,51.5,56,30.7,13.8,37,74,93.2,2026
151,Turin,47.9,67,61.2,8.2,28.1,68.2,85.7,2023
126,Turin,48.7,66.6,59.6,8.4,27.8,68.5,85.7,2024
163,Turin,47.9,66,51.3,8.1,28.1,68.4,85.7,2025
196,Turin,48.1,65.5,60.1,8.2,27.8,67.8,85.7,2026
7,Utrecht,74.2,80.6,60.2,7.4,23.5,23.2,87.2,2025
2,Utrecht,79,85.6,77.3,7.1,21.7,22.7,87.2,2026
70,Valencia,68.2,79.8,51.4,8.1,28.8,44,93.8,2023
5,Valencia,70.2,79.9,45.1,4.3,23.7,24.6,93.8,2024
19,Valencia,67,80,41.5,6.9,23.4,24.9,93.8,2025
13,Valencia,65.3,81.7,50.3,8.4,19.7,21.3,93.8,2026
55,Vancouver,60.4,73.9,71.7,12.9,36.6,25.4,91.2,2023
70,Vancouver,58,72.1,74.4,16.5,38.2,27,91.2,2024
84,Vancouver,57,71.8,62.7,12.7,36.7,25.7,91.2,2025
87,Vancouver,57.3,71.7,67.5,11.9,36,25.5,91.2,2026
139,Varna,63.3,62.2,40.1,9.2,29.3,60.9,85.1,2023
111,Varna,64.5,63.7,38.4,9.3,28.9,59.9,85.1,2024
156,Varna,65,63.8,35.7,10.1,29.1,59.5,85.1,2025
193,Varna,65.6,64,45.5,10.9,28.7,59.4,85.1,2026
47,Victoria,60.4,66.9,75,12.5,31.5,17.3,92.5,2023
82,Victoria,58.8,66.4,76.7,18.8,34.9,21,92.5,2024
98,Victoria,58.7,65.8,63.8,13.2,32.9,22.2,92.5,2025
84,Victoria,60.6,65.6,68.7,9.2,32.4,22.5,92.5,2026
3,Vienna,73.1,79.2,61.8,11.5,24.5,16.7,81.8,2023
7,Vienna,70.3,79,66.2,12.5,23,17.5,81.8,2024
27,Vienna,69.7,80,61.2,14.9,22.3,16.1,81.8,2025
7,Vienna,71.6,81.8,73.9,12.6,21.5,15.6,81.8,2026
41,Villach,71.7,69,65.9,7.6,16.5,35.1,75.9,2026
85,Vilnius,72.4,74,51.6,13.4,27.3,22.8,66.6,2023
42,Vilnius,72.6,75.6,50.2,13.1,26.4,25.2,66.6,2024
82,Vilnius,72.6,76.2,45.2,13.6,26.1,25.2,66.6,2025
91,Vilnius,69.9,76.5,53,13,25.8,23.5,66.6,2026
147,Warsaw,73.9,59.8,44,14.4,35.2,59.6,74.6,2023
112,Warsaw,73.8,58.2,46,12.5,35.5,61.3,74.6,2024
150,Warsaw,74.5,58.2,42.7,13.5,34.8,59.9,74.6,2025
182,Warsaw,74.6,58.4,53.5,12.7,34.8,59.7,74.6,2026
80,Washington,39.9,69.9,83.8,5.5,40.5,40.2,81.6,2023
75,Washington,38.9,64.2,84.8,6.4,51.8,49.4,81.6,2024
89,Washington,39.6,70.4,78.7,5.2,41.2,42.1,81.6,2025
105,Washington,40.2,71,87.3,4.8,41.2,42.1,81.6,2026
56,Wellington,67.6,66.9,77.9,12.9,34.7,19,97.7,2023
73,Wellington,66.2,63,73.3,14.5,47.2,26.9,97.7,2024
40,Wellington,67.1,64.9,59.3,10.3,38.9,23.1,97.7,2025
44,Wellington,66.7,64.7,63,9.1,39.4,25.1,97.7,2026
171,Windhoek,32.4,67.4,37.4,4.9,23.7,34.3,85,2026
144,Winnipeg,41.2,68.4,65.7,6.1,31.2,36.6,24.7,2023
120,Winnipeg,39.9,68.3,66,5.8,31.3,36.9,24.7,2024
147,Winnipeg,39.5,68.3,55,5.9,31.3,35.7,24.7,2025
177,Winnipeg,39.2,68.5,59.8,4.4,31.6,35.5,24.7,2026
145,Wroclaw,73.7,56.7,41.1,12.5,34.5,61.3,78.4,2023
119,Wroclaw,71.4,54.5,43.1,11.2,35.6,65.1,78.4,2024
157,Wroclaw,73.8,57.4,39.9,12.6,34,61.5,78.4,2025
187,Wroclaw,74.7,57.5,49.4,11.7,34.8,61.6,78.4,2026
213,Yekaterinburg,53.6,51.1,42,9.2,37.8,73.5,21.3,2023
177,Yekaterinburg,54,53,29.8,12.7,37.5,71.3,21.3,2024
235,Yekaterinburg,55.5,53.9,22.8,13.2,38.7,68.9,21.3,2025
273,Yekaterinburg,57,53.7,40.7,11.6,38.9,69.4,21.3,2026
177,Yerevan,78.1,55.6,41.7,16.6,31,58.3,63.4,2023
149,Yerevan,77.4,57.3,40.2,18.3,30.5,59.6,63.4,2024
220,Yerevan,77.8,59,40.3,22,30.5,61.6,63.4,2025
259,Yerevan,77.8,59.6,42.4,21.8,30.5,61.3,63.4,2026
99,Zagreb,77.6,63.5,51,14.2,32,33.5,82.2,2023
59,Zagreb,78.3,64.5,49.7,13.8,30.3,33.6,82.2,2024
81,Zagreb,78.6,64.9,43.1,11.4,29.9,33.9,82.2,2025
101,Zagreb,78.6,64.9,53.7,11.7,29.7,35.4,82.2,2026
5,Zurich,81.7,74.1,120.8,11.2,32.7,17.8,81.5,2023
11,Zurich,77.8,70,118.3,13.6,41.1,23.2,81.5,2024
22,Zurich,76.7,69.4,103.8,14.4,38.1,24.9,81.5,2025
24,Zurich,76.6,70.6,118.5,13.1,36.9,24.5,81.5,2026
